X1,X2
0.9813205882186525,-0.4996657860596074
1.8440936047477465,0.07231067356807269
-0.060090258158286836,1.0485772080214248
-0.17408862238657516,1.0995576893003465
-0.46477550392889033,0.8773556863122596
0.04597431243330595,0.047966936818592966
0.7955701657461118,-0.4869850997164048
-1.0900406611874491,0.13103379370153137
1.55640769802033,-0.3044367800704065
0.5208295573796544,0.8888184301394241
0.16722106762472,0.05600678207934724
1.975908993075857,0.30894041835096875
-0.9335151023505631,0.3562587076063477
1.9229243866318138,0.0925161915915191
1.0673719466476048,0.29576831812202364
1.502419269429373,-0.3716793059959174
1.9529863891869728,0.37141813794840983
-0.7960302117567201,0.4980558295367944
-0.22343132410003608,0.9541797309881817
0.9730454662406142,0.26789150056157696
1.2532310097604935,-0.38768452713121565
1.171410598873212,-0.4655813374560847
1.1930794940204485,-0.5239997203743241
1.4739624076310505,-0.4262126506134132
1.8451111095562707,0.18615159912067733
-0.26096546542367094,0.9900296130089233
2.099270290181999,0.28050311959735796
1.8740693243609248,0.3387733788676148
1.520349754624346,-0.3286927053754131
1.6621494305466025,-0.3546522488826475
0.9102690613312657,-0.38861683841415895
-0.9043464105686099,0.5463898712858979
1.822245222914039,-0.3584271799838202
0.48637658033744524,-0.30100304979906367
0.717279122281881,0.7515764524878583
0.13705179580698154,0.8664412696326456
-0.19313216860339472,1.0959712423330754
-0.27678141813214213,1.062638110060453
0.9646730842993976,-0.4388753352408544
0.9011897314853546,0.2779392759580501
1.7144638300438817,0.00567413908504278
-0.15090105757620514,0.8706941201218089
1.6972205669146294,-0.06763464270225246
0.15243356424533977,0.1088403298043212
0.6981097884970106,-0.22622560031657607
-0.03569640589935055,1.0117303115652645
0.02397054259829263,0.8805420761060844
0.2342681202663702,0.9648286793289316
-1.063511093960088,0.14822232161355867
0.47779562199362496,-0.4966364196065671
-1.0019206566062449,0.5720748001615921
-0.7980453871888872,0.792116669565988
1.1094326621702713,-0.5974229399866111
1.7479596141736,-0.42402233836225334
-0.6541058365418039,0.7256289261039629
-0.9691060728210575,0.17161687782894958
0.8852518267987702,0.3659610995821338
-0.3442072819448881,0.9591391281995094
0.33690141657318945,1.0546485298263721
0.16912704433539305,-0.09718492930202194
-1.037016315673907,0.44744844133652517
-0.5835560703367696,0.6462072448635493
-0.34849686169566324,0.9017780103371141
0.822234859051846,0.16660732889344887
0.12448360838815238,0.3021774708108392
-0.4666444256304591,0.8515973267005894
0.28830640114218975,1.051656964457361
1.0283299173411864,-0.3404951895295547
1.5286964817889843,-0.3880704661603046
0.7313046840951933,0.7496143190986151
0.3351852141576568,1.0898068047280374
0.30170612433618055,0.06457986623748926
0.23106529387946906,0.44196961071171176
0.3408998014300543,1.0862386522156078
-0.8152146250812197,0.1333526829078217
1.9295950144306784,-0.04663172191884188
-0.6848012261284574,0.3456014488076294
-0.615296044614399,0.6119834591831759
-0.29778715467465683,0.9724269081503718
0.21542147526974229,-0.19346564972994987
0.4983366939573003,-0.30897153352904
0.943641377376125,0.4307422734691253
0.5171329235741366,0.7690844686969125
-0.021032718708274195,0.15883089625582741
0.08745514345147498,0.1806707497940077
1.0761900263064548,0.24179517559890715
-0.6749873971845147,0.6574061447936489
0.257566979327887,-0.008714166189601191
0.09537008557321473,0.7778445389003461
0.21938103890666666,-0.16530436719373018
1.0584624384580623,-0.6494998882854962
0.6413493904664658,0.9043091145202888
0.3088271798634564,0.7812339706743971
1.851120915327498,-0.12420508695031912
0.708129449410629,-0.4077915420249871
-0.4720426020442053,1.044300208115917
-0.04833999853093826,1.1043247111565282
0.8929087031718254,0.26085787860549436
1.1151984082906885,-0.4968352479240494
-0.1710860663901267,0.9827064767803113
0.6087103335696786,-0.49822546339448615
-0.8086793511384159,0.23059876468394988
1.0666577730129205,-0.5705678834166655
0.7435482798554053,-0.6482281011136102
-0.31982394368169587,1.0246384531312567
0.8423899431295324,0.1282441853603266
1.0128500768131252,0.21499953126517748
0.9606301520972831,-0.5540811126944999
1.1904537296992965,0.03732337690559763
0.11588549686028356,-0.11148765926967596
-0.37321698369518636,0.9133920030405821
1.6682876245571743,-0.3003231332550982
-0.8594049231294186,-0.14377759689813158
0.6165861486612726,0.6088768234124143
0.9384889377707339,0.5939998055921439
-0.10895139661375507,0.959731824681376
0.19880002995499244,0.4494124950164201
0.7296719249012181,0.6026715194148564
0.9008231584053739,0.41609787647799085
0.7851153525985228,-0.541977690663082
0.6227806734407688,-0.2587688135683555
1.8582624076796257,-0.16802516695257877
1.7964803697253655,0.24092703157807865
-0.3812122797343338,1.0149056823999318
0.7236001476233918,0.5667109821168902
1.4459292568457158,-0.3861622489652817
1.6099261242110015,-0.30320262482185284
-0.07081262434822853,0.4980778882971711
1.415742527186964,-0.5640359714187684
-0.36398759643636275,0.9530631566373642
1.495197946391526,-0.3623235461657322
0.9067547331814624,0.3492597610521426
0.577625172749372,-0.3608660232764346
2.0498815579835687,0.5612948616516822
-0.9190961590973432,0.7734935574705143
1.0322642340893833,-0.04828829134441226
-0.40025640411299884,0.8371607222782393
0.07638496476174816,0.9439566135975187
0.5278202143494246,-0.4431592065433009
0.49930944898624785,0.8985755044353056
1.2389035006274662,-0.38606399813406533
0.388655256282053,1.0020587990260728
2.092018803921787,0.2576816959051136
0.6562098067916587,0.6920479117089209
-0.6554364709100343,0.8377354767485238
1.7953313052421405,-0.42206298792659613
-0.8671520468778581,0.4532632171489604
0.4745478856555305,-0.37227843341066164
0.09958109558510311,1.0070606134203297
0.1359117410871689,0.43595610104805516
2.144353217838674,-0.054227700362243246
1.1602746261942283,-0.42918508855991927
0.1547361783673261,-0.3505835773320522
2.152874185099986,0.3945402840576373
-0.5755972354368368,0.9868833273776185
1.9251562699767948,0.3207574256785912
1.202618742731542,-0.44383966368174893
0.6207591131265707,0.621652914191534
-0.07059974175376674,0.9880816216794761
1.0228196896147628,0.0683784168180612
0.03172869573351769,1.0126991754054944
0.13335957544474297,1.0687940562857463
0.515613940405377,-0.39951423349394144
1.8450153528582254,0.25629635885082225
0.805737731264006,0.4173912376530516
0.9339004464175967,0.47336631355832826
1.940996969327897,0.3685175300747547
0.6438928116135034,-0.4012864584809764
0.36212562105007007,-0.20221060162277765
0.02463331311872013,0.772042650189435
0.5451904547809212,1.078943306562433
1.025773955659487,-0.452084260504229
-0.6083588831213923,0.9123792639046601
-0.9049790332509369,0.17870622899731553
0.8909823092197587,0.6624245369400507
0.4525053457144068,0.7369662582052514
1.0252431497867733,-0.45327608746826975
-0.8578882160775381,0.3343186614184572
-0.4925477940171836,0.9432762151629902
1.5725937548831412,-0.25187226373846
0.4556111073057876,0.8781184920239711
-0.5177393146838494,0.45535248448468957
0.6041367700962299,0.6584649925990991
0.9209710964213487,0.06951778941880236
1.5956370888907916,-0.11001036172388143
-0.019999206850151455,0.2551757123408146
0.44686238966576597,-0.4294668799807627
0.13996781331673191,1.0919215923614864
0.5988452012010186,-0.6741740077275393
1.9103091671924544,-0.14383512115961386
-0.918531363722835,0.7618802737795113
0.17751917594754957,-0.018367506418674216
1.826246625544538,-0.29773514075292296
1.5849326040358935,-0.005510096892808097
0.1603855879691469,-0.34036467193584674
0.6730071943457434,0.8396482174420171
0.2635996151009215,-0.02201774614314203
0.33898681523956964,0.8874413566740385
0.06334903084553077,0.3233680266263696
-0.2371083620958706,1.0651257990773317
0.2539890111320765,-0.31108972348262454
-0.8374267311949372,0.5150657732637152
-0.38479989269979353,0.9189515209087823
-0.4491389848122914,0.9465060319625855
1.2702057050377882,-0.4280391557816565
0.230503877411872,-0.16000017464267363
0.5372787923639686,0.5388629547777741
-1.184484091502675,0.25948615272490944
0.02307864020917487,1.0740776682874449
0.035992667804091216,0.08967871513048006
1.046619334769749,0.1925497136531393
1.2318326168750826,-0.379187115900416
-0.12183773504781265,0.439610992395004
1.901332161570003,0.13760056666828777
0.3046378333597183,0.7697414687724435
0.14189854571020763,0.8296387113516168
1.3348646413038,-0.33952195064022617
-0.34889516721203145,0.8661469872742343
1.9388937641152977,0.05116892109064422
0.6771279765722262,0.4914061809896664
1.5206381019251873,-0.6312744571414823
0.3830700781651745,-0.03621241929282641
-0.8222620950648011,0.0511901957306289
-0.7672856486300601,0.6372097626494717
0.5556594486821558,0.8902884419339074
-0.25211481398516705,0.9583047490601625
0.9198755287366426,0.3884209472797585
1.0637784726912458,0.07296037302701933
1.2993564988548623,-0.3432045585882291
1.8078893728307013,0.07500880070728025
0.8480964234325306,-0.8078625684651133
-0.24149522007350374,0.9661478702006524
-1.0357145168037862,0.13483702258842056
1.1474512621892332,-0.4824519298965075
0.4821137682500892,-0.31373068290220874
0.6974844187280874,-0.4746436730444408
1.6673093959020944,-0.25821076301006485
1.317688002892979,-0.3647865303457163
1.439155165327822,-0.5425308626887453
2.0417993981492466,0.4251451155392181
-0.9170046606588139,0.34095986285399615
0.6902416292587176,-0.38561146197364815
0.12220261283164854,0.0469752439272198
1.0671351735505579,0.5382411115990008
-0.6869034067608579,0.7152858446124261
-0.6595520701116818,0.7490646943526444
1.8961088924604361,-0.05605772210602806
1.285625613726918,-0.41286211918264654
1.3939736407756875,-0.5808664665627377
-0.8379473242102472,0.2649595304434512
0.47065618718213287,-0.42502327512299404
0.4662331992227762,0.8952873637695792
1.731607025034982,-0.15419921102015685
-0.7329005145029786,0.45492258806612706
0.8357521724848487,-0.36132267384885763
0.4623885233970545,-0.43156965793773183
0.1082036283492793,0.9505151879764107
-0.8999661624736159,0.6764124410732982
0.2476025935101522,-0.365838991121881
1.168045094448561,-0.2637641872432634
1.0213654751632222,-0.541758260159501
0.6220294328020202,0.7121274442342941
-0.7567744535655002,0.7191833089153463
0.33926412347246293,-0.17395829685528946
2.0036040918966895,0.20236675011732588
1.1410023453298177,-0.5249655448614078
-0.7945025407218786,0.6338303335086628
0.701786090373621,0.8167614641013846
0.5465926637975506,-0.487381489158698
0.03807305547111922,-0.11264001205763173
0.07767809196137875,1.0935514440379144
0.9675429376473802,0.26680350079412785
0.3747287467435269,1.07814174562722
1.9640072218856102,0.2930352050290731
0.0761227729214209,0.0654799235703884
1.4648515303548224,-0.5677198490805273
1.8507456400550688,0.036747797974144264
1.4725713278459063,-0.4190044796364859
0.01885878488620639,0.927756723390966
1.830788655000371,-0.1458054721072362
1.3168295267439472,-0.42954560360986926
1.5976133597059854,-0.3177609159458044
1.531992223159276,-0.40534294544557975
-1.0603421056126425,0.1505778838002778
0.45821076572343294,0.8222670893532429
-0.7696416583175386,0.5194632496702144
0.9170483659166012,0.7747121654267418
1.5576884984294614,-0.4358765658983239
0.9189863294266942,0.25534529448328724
1.705092616085964,0.20942091520530148
-0.8547038116357276,0.5191854334930724
1.1527959932366652,-0.4400344835519676
0.8614854264158932,0.44867783162731173
1.6681576574514039,-0.34082464916707766
0.03813971464699359,0.20857585401135373
0.3165979257631315,-0.2684314696113942
-0.10830989115549264,0.3193328576312556
1.5410883045680561,-0.36777066784968665
1.0239066725475732,-0.4033515747643883
0.22077285630885188,0.22459460064519973
0.0007963893863918645,0.9312721790133248
-0.752887807126664,0.7699504394095403
1.9023083806827956,0.29757534727456164
1.0279388145472292,-0.41340919487212063
0.12435210178092518,1.0020471024094197
0.15678913930773,1.0188999488831276
1.8794181178447114,0.4263993152492722
0.7427435982915354,-0.39613872696500463
-0.9306099866846966,0.20941723590103917
0.09176752479019279,0.922068968441643
-0.19272166965884446,1.0556731790954992
1.5831202799819073,-0.4668032937487328
-0.16692392560851513,1.0963550814533929
-0.9726605291971291,0.6346863246958526
1.1073001702058658,-0.23588864621477357
-0.9316515162748336,0.3210685115771772
-0.889841572383227,0.3125118323093021
0.11306767987256217,0.5490468572521495
0.47357150744518617,0.9971694009560412
0.7652945681445065,-0.49124304747864606
0.389132184791914,-0.2663831062979436
1.1832978961509941,-0.40080056814120557
-0.9034484767873456,0.2457441380210322
0.03034370872189171,0.00943350004830694
0.12550748865709838,0.24168029922858664
2.1629950462991996,0.32872779707679584
0.9136700026979733,0.321262923624164
1.922538230696742,0.18972539100749175
0.6945479905705141,0.8624837654371726
0.328189403130005,0.9399643338569083
2.106776411337253,0.29084178385417137
0.2176985450140561,-0.14275000194381898
2.055186529425601,0.4338472619979779
0.19305843977602188,-0.2801172851551309
-0.5840905495111408,0.7265317214895385
0.4373769162761376,-0.4978608934152218
0.6775792705276199,0.88801955013818
0.8018603893522169,0.4024245580633926
-0.9546266856101716,0.5444685263044717
-0.7127292020541727,0.5470169049850738
0.775670729292998,0.5290682708608752
-0.5516907708671164,0.9493862218224784
0.9741745727202727,-0.407550801048727
1.155993523216654,-0.6068504385453632
0.7824612616223231,-0.7776126454077364
0.5066432494401955,-0.3369159210714154
0.45756376376435554,1.0731651941572946
0.12800750954534057,0.04331502554775659
-0.04433484462952497,0.9653893591777702
1.3682700999250772,-0.472804022681821
0.9596577738287024,0.12782810255472257
-0.5858827138120947,0.6689943167950869
0.6298657869291217,0.7957891030513132
0.7926802274227689,-0.4702118633966829
0.18013497522051783,-0.21204162081036398
0.13577014341160348,0.4583800847779482
-0.9819823414445461,0.4162725390906543
0.26061537919698324,-0.18027014641071504
-0.7762904583001721,0.4295354438972407
0.5985679750918295,0.7231364014236618
-1.0124905203092647,0.2555244651023379
0.33793158928577505,-0.14785179908828308
1.1709968704680058,-0.24784306735092812
1.3022967656143056,-0.36138784951013503
0.7579410773559256,-0.600701844978582
0.13321715649464896,0.07108255165706401
0.9664004474525487,0.28209631458614515
-0.9423577742393306,0.20348779423219837
0.930604069920876,0.060310120510924686
1.760763588528403,-0.26605240882811976
1.0133793660271626,0.6993215129519328
1.1660543848857086,-0.5373495018797214
0.9596175251449292,-0.5193792279508553
0.2974126963695201,-0.24226869430884884
0.8839116580862024,-0.48627952627669147
0.12289280320516888,0.19426837792961682
1.3941658541265873,-0.48696533642908046
1.783512868011781,0.41673772219950966
1.9781348508712167,0.34540447865811286
0.8106908971788049,0.7631151659223938
1.7256718744476083,-0.021982242990362208
1.6461027828498018,-0.33494438658109926
0.8358078819059185,-0.2359494693542424
0.3017399107556148,-0.3107771218818962
-0.03807307448795083,0.07507941119689823
-0.003623591056697857,1.1196034435474822
0.9980260102526225,-0.5795980116097375
1.2907138215434992,-0.5405732185764881
0.06652681628352014,0.9416306420313848
0.5122390188706561,-0.45982176860749263
-0.9250444630125997,0.6298950749999126
0.484760391240207,-0.42249408686222245
1.3074054712904801,-0.2058724819485392
-0.9060173814592,0.643123265559013
1.4767108966414042,-0.1441488313641906
-0.6256317693777171,0.49325704435307266
0.514607396037541,0.8194934400549451
1.9438555914422309,0.05616339031789924
2.0801512521900745,0.2372353416504442
0.03573537422120614,0.3870655766442583
0.3489446486236282,-0.34235305095945584
-0.24474890083817308,1.10567653641319
1.8594099574681637,0.2110288088289627
1.348819756115497,-0.38475548811102156
0.22292409163072419,0.8356304384097086
0.1955727850111991,-0.04577187862096287
-0.06980996857078481,0.9522618135389411
-0.11392004984185061,1.1081397374244013
1.0481348751196173,0.16786895594697168
1.7875001080229256,-0.020926131449066743
1.1931418986648514,-0.5012459751721727
0.2835199011685787,0.9199261954198853
0.3320860693692894,-0.17419683855622078
0.8188938731526556,0.502290283542891
-1.1057716054471196,0.3311476446114292
-0.8123048479993699,0.2922312466519032
0.9562509490893903,0.44549162246220464
0.9531877112283311,-0.4702668363269268
-1.0365424015630604,0.37967097041951
1.9545524637726255,-0.03477852696447146
0.38003344729682964,0.7769735398895617
-0.8101884536736185,0.24185247068754984
0.30346805933409265,0.9762977442163137
-0.5753978808224315,0.8719291944137079
0.27526059880340853,-0.34070718641225184
0.41782248693838264,-0.45054495975202247
0.2365159735733991,-0.27425445495751904
0.12027211645166173,0.9622172022705096
0.32497155280993495,0.9302518171373116
1.9268841794614167,0.24018593871318136
-0.9427392492706976,0.1680840482849607
0.9638896414497236,0.7099170676991322
0.25485368140910314,1.2036665236362474
0.2615238089135398,1.1498528714454295
-0.7032105438609925,0.7184874412310654
-1.0077328060725106,0.07028344969805315
0.22025777275640046,-0.17326022351969703
0.1646955187467829,0.9413735208668504
0.8219345290074025,0.8069123659748147
0.3473804229420519,-0.20759587990120598
1.0915606296187508,-0.27407583751924847
-0.9671850313784794,0.47907879383865437
0.4771468860885696,0.7189988989211005
1.9452087316151758,0.22442132610787602
0.709894370249758,0.6326525805176836
0.8204884578167395,-0.6370413388355296
0.4834656309496391,-0.17413022950392226
-1.0270602257652455,0.3924193334693426
1.1645415440726912,-0.5115981000918506
2.143208217942179,0.4686531820342996
-0.30690646633692453,1.0054078576611576
-0.6331831385548133,0.7520487421745641
0.5818133815337705,0.6479950279544986
0.20051649187117207,-0.05252541256164693
0.01436298687385626,-0.039012414728307965
0.7758472204703707,-0.5190060082123308
1.3117388626173663,-0.41307029938009565
0.4584063649132752,-0.609924690167731
1.228764794316699,-0.008729520959226085
0.5641208427218709,0.43324960191132833
-0.744664790431497,0.04687317897073301
0.49422122025165416,0.9377868010077797
0.266895836057569,1.0265058454619684
-1.0801012565161736,0.39588584572289187
0.2938796515242262,0.8050030534185827
-0.9713956257577973,0.4926187852485575
-0.7928346114952075,0.7249114855556974
0.6843142687263051,-0.3428926360157029
-0.6840133679998679,0.6763972613623503
1.8132297439932223,-0.31762436310097564
0.8915397812996104,0.5919477849132807
0.8209438279104377,-0.5812840739228509
0.2866400456885192,0.8855055685970217
0.29540512433846633,1.0302776099988606
-0.8765486673295119,0.16488876659497256
-0.361817958240522,1.0158004841306596
-0.6855393004406016,0.6274660181498412
0.935897903059844,0.5478560632178664
-0.6914620872662622,0.7620884513422853
-0.601424380482553,0.9865388418358644
1.9923264119699364,0.1212385620052211
-0.22780943408232376,1.0593347764268546
0.016077446986022037,0.007354503985135797
2.0331451169473618,0.23794014108143188
0.021026394450569686,0.6602752515381163
-0.8826948724178633,0.4368383956114649
0.5430855745730236,0.7710543081861455
1.4946470637815072,-0.4351022199160181
1.628709101718479,-0.41169327987168947
-0.6404984921687329,0.6331978526473043
0.020370504407425424,0.978744608364147
0.40395370404238684,-0.19321908337850677
1.5147554473283436,-0.20850188710585565
1.8080708724701564,-0.14949384225503995
1.8210139834869388,-0.19536015989107006
-0.7961533332965913,0.5806964718011832
-0.7974082351412108,0.6577330724706705
0.7286297817983114,0.6267512512307762
1.450276230945266,-0.34187340213772455
0.4496546294933472,-0.41551137820784734
-0.21956292958733986,1.097374026699571
2.086398023799317,0.24588910980651232
-0.7513171210721501,0.6336687572362752
0.9228167391953057,0.43368637323820725
-0.9466544580904829,0.49303739405641306
1.282822515718091,-0.47472387608552097
0.6838474164684472,0.6050232273675664
-0.226939074261411,1.0897209183805723
-0.19582833854216086,0.7602629798299914
1.4102233726617233,-0.41895773897064326
-0.5030069154883845,0.9184973224266781
-0.659822872122293,0.8666318058052885
1.8867822455517185,-0.4623920297587065
1.9298202303103524,0.24060274568235374
0.9294139013592927,-0.3976359161808482
-0.24514501514998432,1.0389956521626469
0.7370516737831763,0.5469372412894917
-0.17643567972957316,1.0725133743408686
1.6536018285256548,-0.14524057866558635
1.7222056759660163,-0.339354927376222
1.7962034850809996,0.027115580555219815
0.7516631889421659,-0.36211921457869306
0.9684833915569846,-0.6174103213118703
-0.9048856843456222,0.6078732427207572
0.04470773554831793,0.0816312979926857
0.057524267111494415,0.42150732177940536
-0.833336072085665,0.1771610187705609
0.04324195596399641,-0.15121594468635893
0.2634156986391017,0.9511037116546273
-0.6887168344866592,0.954533575887649
1.8412712594940046,0.021846573123713436
0.9543718039865632,0.3261181691225501
0.42531984045678184,-0.4319418094712009
2.2014479065640513,-0.10678749605070431
-0.9295699906117325,0.8572444566400194
0.2807485780446795,-0.08988078051294698
2.027939423537948,-0.03583217747480784
0.8492906142670417,-0.3946290337366491
0.5211864311601042,-0.34080770995980997
0.47512492525662064,0.9760299865503271
1.9591457808539023,0.16598039898786948
0.4295420557069786,-0.30556792331682064
0.03269551037697149,0.88585999876779
-0.6339590462427686,0.770279158532187
1.9420554286054967,0.25108792932511675
0.8672699091716516,-0.3305291581129083
-0.8613515278542815,0.6898742039040274
-0.3219506549873175,1.111884270280781
-0.01447002344693908,0.9643506371581779
0.11180950885067689,1.003817362919854
0.04698920128060724,0.523432588398871
1.7745906906266986,-0.10586227647159549
-1.0095790160412246,0.07146102379798751
1.799455262128498,0.15231899401876936
-0.6725665115560059,0.5088063507407425
0.30347993846811716,1.1690836660364263
0.16317897123599717,1.0056667949338016
1.6302605286237821,-0.1725941171512119
0.22136391544170175,-0.25661731352639416
1.0968649952544627,0.1738825173569019
0.7962727122213817,0.623402230204503
0.302746850688808,0.8111213278725906
-0.0053390739829797945,0.14483750296496323
2.0057353943118477,0.44484085008892127
0.03576769822227577,0.42851598793203355
0.7964598797267729,0.40875386223881327
-0.7384697387716259,0.8022516314240705
-0.7783714687898737,0.57352817489199
0.2084165916624249,0.09335838600472238
0.2116223566715115,0.46881229692443205
-0.9482464829774115,0.898206755224647
0.7581055865660401,0.4471367620944573
1.751280874451198,-0.38903376952336566
0.5174674874074502,-0.25502770577469036
0.645779802109647,0.8885117104758463
0.30754533172282333,-0.4330464578744029
-0.0735199673436755,1.0825739301363015
0.29463283931325623,0.9994308010480059
0.21470264594166705,1.1940527828772807
0.5239610834149249,-0.3690960617328682
0.6047353804897247,-0.4107152533667037
-0.838641169053948,0.3442885975703186
2.0823348089769853,0.43135046804934124
0.30807958930389917,-0.16845116928900278
1.6299854735758519,-0.33884603748587344
-0.8145941323669389,0.7071388692136196
-0.5054244316604648,0.8027464172319382
0.5569352025391844,-0.3923573648991448
1.0549303389387321,-0.02342039537772584
1.9335648369126923,0.2873146925972731
-0.3400942018474465,0.8452772938099854
0.4466343908583875,0.9338997685847239
0.757258669693226,0.017953209631036558
0.399157735298156,-0.19363343295366392
-0.6332225719780051,0.666089229472536
1.966711112547617,0.4364207412180567
0.7701790232575068,0.2967145387642303
-0.7292898754799386,0.9048954461383614
0.5668319418337617,0.9124613950710718
0.9566079325806721,0.5973123129778021
-0.7485755313298788,0.5618019758168156
0.041471316816986285,0.3491046976888997
0.04563729637034358,0.3046018394054585
0.774978931219909,-0.4741166018484785
1.8575127509566889,-0.06399510236844658
-0.7103941448487707,0.7067442317019872
1.9019253529206495,0.40546816206083863
-0.09556156632702056,0.42014230647455536
1.9112116407427835,0.05929499028349515
0.05961160232205951,0.9724291790662911
0.342447657772531,0.8731308099733212
-0.13816593979405778,0.905097181409493
0.0610735433250198,0.940173463997867
1.9519264650649149,0.3784244168038002
0.03938534632526214,0.4304020087616208
1.012282090791176,-0.5686669989809643
-0.3187881819335248,0.931705598905315
-0.8694675054740981,0.6600628992702053
-0.6716001390941201,0.5229534304400026
0.23742121236172187,-0.18712290330142228
2.1742609023525112,0.6083334889750387
1.437421851417926,-0.22654974100970693
1.2005004979647702,-0.4094550348029099
0.7061467579139526,0.8326215174673549
-1.14448146619113,0.2251729993356004
-0.01568561799998182,0.21123213606868774
0.456690352204344,-0.26285795606384693
0.8088799626954766,-0.4149509244204884
0.8912411445400361,0.2690366273204514
0.007390311004321276,1.1742700521015537
-0.5437299302847924,0.6974376722952114
0.5457681949859814,-0.14463830221964505
0.5661944802708767,0.836894315161416
1.2210360052236635,-0.34476217090443195
-0.10527267855760708,0.27639963312094057
-0.6246253871169589,0.8169822242097559
0.11734885792824341,0.45125912106329
-0.9477916960328572,0.4024276319472464
0.9672206328419876,0.5235192004496088
1.8250895248709367,-0.12677205213131257
1.4193946470735832,-0.40740513956301255
0.07297594165310775,-0.13969992646273888
-0.9412027423892024,0.3103030084453123
1.9145430819505018,-0.16363524647209887
-0.8324367293616386,0.46387751528338633
0.636335756498278,-0.3860750423922791
1.7825604085183,0.11191860849320356
1.0929991038363143,-0.6463994914956639
0.4072247930888379,1.0230614923194932
-0.9634323333340612,0.18180311189776188
-0.18516083441993264,1.058450811160299
-0.9376146106615346,0.538837264074431
0.9970213414226682,0.23622196995848158
1.0543528778551907,0.013901256967577562
0.11223616661129238,0.9768544970858386
1.2596415484227002,-0.4922086795518296
0.24455548524947998,-0.26658635249493057
2.0492596948757553,0.4837932731169895
0.7563260380779394,0.6849397630164458
1.783744827753638,-0.19439027146028082
0.9843708376660929,0.15318900208955885
2.030614182112813,0.4107506880706212
0.48509089478894973,-0.48744290387141864
0.15934310751914468,0.33166608943975534
-0.8629614699047314,0.5544046295925321
0.10074231196633579,0.22932647785743066
0.13983711838038418,-0.025068070341099535
-0.914670675826993,0.5474658644255185
0.223746470931682,0.10319645095921634
0.3923491867536122,0.7971919031643337
1.0828933915807146,0.08289015085462761
0.16006280934043457,1.0484928302406156
-1.0269966298054625,0.8760992735859101
0.9075241654553643,0.22005523395756346
0.7323111103805588,0.38784681429189605
0.23122175408085588,0.802668858608338
1.0861286275353739,0.20128071093212094
0.07816195966462908,0.3248707423887092
0.6709057581765219,0.6927143928145099
0.8395282625951364,0.3361860383418396
0.17118104184471555,0.1915423001338331
-0.08702096176476593,-0.0024751354726395697
0.9365673327695396,0.3147601863222879
1.965916221457535,0.006116786696473878
-1.024207197473521,0.2316504425140042
1.0484396193924839,0.24152631153933948
1.560046498518667,-0.23764179197991286
-0.6489961503407952,0.7329405386870245
0.19461153977906248,-0.1374799503572297
0.9358821480861448,-0.5289631399304291
1.4461913160899555,-0.4028827305611698
0.012793776549163964,0.38701358651093437
-0.682205139202955,0.9083723616896233
1.0587236894449805,-0.36758740348030683
-0.8787315050965221,0.5699355381171767
-0.33369284469148863,0.9108649825380574
1.4146724753962203,-0.6683864503231886
1.8391499010853627,-0.2165312275356711
1.9551878283914572,0.21203626763790512
0.3715948861560832,-0.27596971002096005
1.0679978254358709,0.23276226902277636
0.2667758996708053,-0.1271901050839016
0.8180852887336035,0.557711668132467
-0.8809001430532926,0.48082894162191536
-1.06841237682663,0.09115444567407356
0.6509454772670044,0.6444345084112594
0.4566080847965267,0.847356227192968
-1.0916260853822377,0.23876659472781933
-0.06403147397894604,0.8179410104466704
-0.5563311468223445,0.6469606212753369
0.11115126113675709,0.10333608608245753
-0.22152628926193574,0.39937623610860495
0.7369643924624507,0.7405132623857135
2.0157153426753265,0.339568778428152
0.9667441799125233,0.541199966159552
0.8639469841574233,0.15715370009816615
0.4957351643598763,-0.3569623498465806
0.6352324451042793,0.7482121928726664
0.1069752777762009,0.09920814791287999
1.0500459277473835,0.33049601229209297
-0.4923113249328034,0.5406632376662279
1.0089699445804312,-0.6961384315759045
0.8923892761577238,-0.4763138521470436
1.951090797882108,0.39616748341018443
0.26547542940474533,0.002940814097753139
0.724990785139413,0.9867256895676836
0.8700342145608807,0.7277725193586273
0.8692978283411787,-0.35975063888902237
0.9261530915377196,0.1344544026327648
1.4008792601299476,-0.46370050308702215
0.9625821979419339,0.5274181906139438
-0.7918811085525949,0.8673865373881869
1.7114523394553347,-0.06810561638227783
-0.4487214996668441,0.8566399404495317
0.7726301268483202,0.6483207909385073
0.4397633233109544,0.8128784794092101
0.1566660382321317,0.916723790685959
-0.22779210267802597,0.9416311022546756
-0.8990143036312297,-0.005960130677547051
0.025904885823120782,1.0453338184103944
0.8510075485371862,0.3723864008414085
0.12446963041821518,0.34617247457578015
-0.9822592037081461,0.04625950842343875
0.13444853850544936,0.2325702367948585
0.3335044347835524,-0.2570908927010495
0.957206698258081,0.5484602605155584
-0.2497122005650543,0.9422941487571713
0.9910332849099307,0.3092973176517808
1.651967772548451,-0.09462546354693181
0.8632265693034019,-0.46254973625416645
1.7527734343075214,-0.05035603602493804
0.3384870617018103,1.1995093364963618
1.6195587827480589,-0.20177162788487601
1.5886680333774232,-0.3669363897107423
-0.9691799806761073,-0.0396123508440709
-0.06825690576859288,0.9260885072133533
0.5121905282872208,1.020714148062201
1.495639849268989,-0.46255964663030175
0.5732256331688947,0.9955844976401946
0.3881638116953733,0.7571980903946876
1.076850140617049,0.41542966121416963
1.4327020240107287,-0.1825218035267968
-0.7340873747249297,0.215645481704131
0.35796793637417046,1.0076585521768884
0.8824665913185812,-0.5413725829043273
0.872433809478997,-0.49813236777359565
1.026116390735062,0.30011705485364426
0.9955152624660397,0.2946828536023412
0.22407633867273702,0.17403920735548192
1.055065716180322,0.02620608810434069
1.0673816332708213,-0.49609620178071173
-0.23062207946571486,0.9205722521396572
-0.2653244424797286,0.9863099650087589
-0.27811637799067795,0.47027662788428687
-0.7939018330677563,0.19195110670473556
0.0625635861304813,0.024997048906836503
1.5864515453623014,-0.3257461612615969
0.18406365884291212,-0.11267863335844916
0.6087268773442764,-0.36058435553269447
0.8075853739903125,0.28019468211537646
1.0981328331750209,0.5085034016027703
-0.08638655965409223,0.04177476392858645
0.9143715625426413,0.42645731796023145
-0.5219194251248032,0.935243517711223
0.19074784583622106,-0.015175554999325797
-1.1211797944273871,0.31068204281643275
0.4048508734773773,-0.18434404896993495
1.521772223758494,-0.4454578649222921
-0.16976465616966374,0.928030919551819
0.10344947749173994,0.39250300017146283
-0.7991102152202433,0.4699187403715609
1.302982049248355,-0.5050235205409962
0.24228070048180606,-0.15323182506943797
1.2836470538486255,-0.7291916544289709
-0.076860397785175,1.1266420957662047
1.7203480220089984,-0.36396235441957925
0.20022254212026494,-0.43740934055140185
2.096168797105801,0.3406610540439197
0.903486161384212,0.40713890714762807
-0.6837150031823513,0.5625716482401465
2.0639076979984616,0.3711393915638197
-0.8315055365864832,0.2291625682647033
0.512445799632198,-0.4368266882180287
0.3603489190431605,-0.27499118199198436
0.9171017232147899,0.3140719679823664
0.4383391967317258,0.9847228469860595
-0.13172732170616416,0.5277300981302071
1.8127160999074186,-0.006829634354919553
0.6055527265157442,0.8118591399618097
0.6243650007762129,0.589145220042804
0.849118584532878,0.5931624493002045
1.8606158124272858,-0.11848228769881342
-0.01498929358297955,0.99624282213327
1.3838880334809116,-0.5908585629330922
1.0394719596395616,0.4110902006381016
1.1509687302426745,-0.7258360056181274
0.6582742325793829,0.8200686277330509
1.9833549005238802,0.38342342392630596
0.5155676521804025,-0.31267283533832
0.7931550287360823,0.09283914520919982
-0.1501967055473829,0.89353194700309
0.26128160195389694,0.15758956462173845
-1.0107338020482701,0.1373704887983631
0.3906741177617372,0.8260197973621224
-0.8749957079695161,0.5187116587225677
0.059102466949906035,0.9191585195035433
0.8692105927282257,-0.4838321680526327
1.4612189265459865,-0.5005914472768089
-0.6547646609759046,0.8001603982706205
1.779001348788485,-0.3283490594995027
0.007081835278160219,0.029131699580750653
-0.1273521383637509,1.0748294121471385
-0.9982796482689049,0.30198183538569434
1.869812219471304,0.09746469371081387
0.824092686931668,0.6077125187724786
-0.47686565920677315,0.8200104151670736
0.9983274413989309,-0.4222338272496346
-0.8963510272860324,0.07395424826067018
1.7952484441931666,0.20707271558835852
-1.0234069357781985,0.1118338871882737
-0.5729805028020981,0.807003490895232
0.828385963659132,0.7834003146667519
1.9529090865457424,0.4420708984790239
-1.0029989696374275,0.2500576440270466
0.26232841817166824,-0.28256307455479046
0.7930096385902125,-0.13808613432870315
0.2129644980477638,-0.038929795680811785
0.1539772603769012,-0.08270906754754537
2.1753273834501656,0.3632900106981087
0.8657530993646861,0.020636595918045866
0.17469356549252488,0.09368467398889023
-0.9053657029261354,0.34061156439995405
1.227004976692182,-0.780302018856038
-0.0017447276312701765,0.987946063775833
0.08001750067028622,0.5110034332013166
-1.0867863672359723,0.20439547923877896
0.14443187829477147,0.9688534317295829
0.7707447894444277,-0.47813471863560436
1.2094202233096625,-0.5356065216132992
0.9295938186910768,-0.394307246578141
0.3931179743368396,0.907862380802925
1.0441877123068521,-0.2956867350753763
0.13114095824801414,1.274955742816954
1.0437793224021679,-0.6089016311894917
0.3243753873031872,-0.2616584698965362
0.9856144793822182,0.45089345554394555
-0.7050735326338766,0.6463065870122556
1.0077559304022534,-0.5673450626552967
0.40070530452595443,-0.18201182884756106
1.0383082574293478,-0.4586687917655894
2.108537091468784,0.21222408495289372
-0.3461570826982092,0.7924769449885788
-0.6907912050195859,0.9427231366172835
1.18985892823885,-0.41364857458587134
0.6867577255263243,0.8407444509499574
0.6771616939356677,-0.3663313034755478
0.6144594134305144,0.9779824626712077
1.4995894722886638,-0.27323069716172227
1.796265381680477,0.08444018356954927
0.6218592849712286,0.8309116818894517
1.1086687729935025,0.5673049585408196
0.9454176754196274,0.6543771443017478
0.05181079201536987,0.08164908745922117
0.18434124775822847,0.030447046972135128
0.4468620887263687,-0.3945280538109659
-0.8855556494901369,0.3741959996926606
1.1625690288976949,-0.4946138366889172
-0.6202480125183393,0.7965716964564005
0.14495417344715356,-0.06644407270336569
0.8294541524245935,0.38064244763844884
0.874687214965563,-0.6539750980365532
0.14452040647654876,0.23416095648836155
-0.17559897076208758,1.1321965797555964
0.03405920105006961,0.8565060985438582
-0.5715332817394838,1.0127874001590038
1.167823093802936,-0.4445286614304144
-0.44246687084003017,0.9150680879718524
2.2438818014905264,0.33624783203214836
0.007443615883483329,0.8773796324944234
-0.07780854098654269,1.1087746373901026
0.8968265420203488,0.11133605059439387
0.06429372971400321,0.887251452711277
0.001787507583818404,-0.22068902297836404
-0.013543555039377222,0.16172816391977918
2.073178148546971,0.234824946273771
-0.49305611119949955,0.9533282914919896
1.772112021413826,-0.10734262941261433
0.9401156928785912,0.33263755801919764
-0.7526765006124599,0.30197479086135937
1.7078698325757664,0.07104013409064402
0.6744732803101257,-0.7482616561153996
1.8450591179485083,0.09740450132075261
0.7515105568002941,0.731998347828683
-0.21758727052330104,0.9147820789280794
0.8137363616695018,0.5159493823709865
1.2443860776570068,-0.4685783191087613
-0.5974417422263555,0.7198797580535441
0.17405982310567567,0.12603945559373858
-1.12222231639121,0.11150839998808908
0.9388990687453419,0.31516118641807433
2.042691224997542,0.2892308490742123
0.7423056837024817,0.6482582903772638
-0.06499754265200094,-0.20564011693180428
0.6728893908955211,-0.39577762523667315
0.05524474090744423,0.3630226525096057
-0.14346446013465253,1.0832090835797443
0.5396108874848078,0.9728990364382839
0.9755579176301614,0.2553509446528983
0.04402784936515719,0.19590637613472972
0.8148197961927945,0.5399874472936443
0.32385275538944946,0.9409317437245941
1.8183878042305475,0.27423441251506453
0.2854502365243198,1.1437489203211593
2.033421319691497,0.35386951960698765
0.8504803501541307,-0.349635111635752
-0.47400540002215974,0.8860609382890022
1.8465005319832133,-0.02146997249324685
0.1273930529096497,0.06065757148534451
0.20656996872852582,1.139782996841915
-0.5195838530356991,0.7885832322713866
1.703056274261578,-0.0514519321072586
0.22548877708875242,1.0198380225289965
-0.14443923925751412,0.7964821878637447
0.733012961588019,0.7716270381537081
0.983508786763705,-0.010056548464681653
-0.5704304074783836,0.7518837055829097
0.7232169116164751,0.7260078163829207
1.8051891795284336,-0.28225431582513094
1.792234444983199,0.06200287417567507
0.18082026461479206,-0.3300259210675617
1.8547339785788186,-0.021873897131771236
0.710225557017459,0.6231184510877972
0.8178670890623962,0.729534409543043
-1.0252920291695025,0.43215508178055695
0.8992842861748822,0.6520163202470152
-0.6741884944811689,0.71165555700085
1.3466628948122041,-0.3283069642761286
1.9109423747894216,0.11551009298423182
0.12247252962729356,-0.030084616753887752
-0.583996270280141,0.8325198228440958
0.4041056804085184,-0.4561861258180834
0.9708850619990325,0.19752062462789227
1.511309974034121,-0.39558439952333535
-0.5673098196204772,0.5890842611315518
0.18426513728833427,0.5586952291183375
-1.00661227080526,0.40945864013388755
0.043092651633931695,0.1478382014662113
0.48439908404443666,1.0003417049322596
-0.9049191015402885,0.07442225569347481
0.796401278665687,0.7892594068763147
0.8876557986414425,0.6322264388037849
0.8899953195570007,0.5176588225033619
1.7144090141441695,-0.19227450007149893
0.5299361639575293,0.7622018215428784
1.3951264256993179,-0.38602623239674483
0.2802622147363455,-0.08009902999053635
0.7984602474951528,0.6807694140346667
1.123428007988062,0.35842537974089506
-1.1759389235261626,0.3300377235553254
0.8298426537578719,0.5177337217962765
1.1111486265144281,0.07101329590611956
-0.9106311406585391,0.7718726299471577
0.493099573151161,-0.5207417051710689
2.043856400555988,-0.04950353761592014
2.0375644883699056,0.39570007629640314
-0.49762602199695183,0.9112666535632205
-0.5141311831249279,0.8632852008885339
0.2060782932987455,-0.22057198315681775
0.25876470744517355,-0.32821820569210064
1.009146762007172,0.15796538268447197
0.6084924976055821,-0.2850490048693143
1.4165652763407477,-0.39946375429663783
1.1483339204908187,0.29331692660965497
0.13650203728980423,0.027811081145637233
1.7990450220816963,0.1138772115285221
0.14874304804195376,1.0743923401611748
-0.5072987406930651,0.8131501126393198
0.15681465354937585,-0.01995722586497073
1.87011623665741,-0.21516595391164428
-0.005134027404359542,0.9084044181218947
-0.9257228312553338,0.017500080145627518
-0.9260830981366341,0.20955695866462912
1.7078313122394313,-0.24725266961689935
-0.1741181850382225,0.925687742463712
0.4695479216930212,0.9430489053326729
0.8255568060961903,0.35568249036409805
0.23731813001717833,-0.19925282729593902
0.44708872837682373,0.8872209238447024
-0.1746272616158458,0.9756701624442073
-0.2293254657023433,0.8905722984743847
-0.8803184727821143,0.7035025340803108
0.7149983703856253,0.6261090854597562
0.8298028324538445,0.009758705320421196
1.5786038598916052,-0.31259595278154284
1.4057913315697992,-0.45931417012916775
0.30999935490862773,1.097944782697479
1.7426703622996706,-0.18690722510045454
0.2811088945792388,0.15094620035751494
-1.0179621587905396,0.6112310468806271
0.9422588477929504,0.317986951720993
1.7324996001047297,-0.3912019206339441
0.21073207588154355,0.9668981040919008
1.4821111595986025,-0.469669471397521
0.05759010018493546,-0.03339895638753058
1.066146935178129,-0.5452679718472737
1.957755587337089,0.12252011158749004
0.3862583023116483,0.9893269822432733
0.9407634897412448,0.10736597567845771
-0.854395135244415,0.258173900339182
1.7254095892708468,-0.20769199899630417
0.9365501173338652,-0.49945847145966754
0.28868511515129414,-0.2292688159266031
-1.0544900377522604,-0.04104596560816385
0.6763298800689287,0.8660132531750795
0.20139323905860693,-0.09342785294012376
-0.2625152576637738,0.9864660489657963
-0.8251090941757054,0.23471301515159176
-0.10345397094121388,0.35177180468676483
1.8014173114316443,-0.1729482856470066
-0.981369193603803,0.09566702655368549
-0.054784268425132635,1.0167699423978604
0.007457995327842776,0.23166904376115893
-0.951413068489109,0.5255517656106414
0.9197833883135277,0.47307775499032145
-0.1358121510944196,0.9197488887986282
2.071187117311139,0.3887980208677998
0.23277499101953839,-0.4162941711110425
-0.8163778387785163,0.5457241632936954
2.1527059878439587,0.25270850722609717
1.0703834432211974,0.15977780637788405
0.16471497343925068,0.028876685916092118
1.012724674555409,-0.5211413828330701
1.8194684939729466,0.27097154573940563
0.01915066343571689,0.5140364087309668
-0.40644584803137584,1.0202863060270881
0.962564716685962,0.0938569062491719
-0.060758229908972894,1.0336980588623375
0.40980097147178646,1.0878663632686925
-1.0155032867388638,0.0923768547620302
1.3584192999054687,-0.3279541363491333
1.9223545445355774,0.061372400559068035
-1.0761493853975996,0.27114349400881954
0.1528489613236667,0.11951251378726858
0.7604056818247361,0.6332226720164262
0.19339815707478658,-0.05240956822721674
1.148819108277419,-0.44389470447054846
0.4290701380434995,0.9850545998728893
0.1782130646470315,1.0698546684001546
1.896288235027312,0.09705106863094229
0.798443024177058,-0.3927486494875489
-0.6272396360283372,0.9210213854597112
0.5033622937445308,-0.3737999186659563
0.18651615066448457,0.2814445769047623
1.7020205504321813,-0.15356296374557188
0.07753401187175069,0.32975476698838824
0.7521873875324658,-0.3864751797339409
-0.648572811928633,0.7408467946241479
1.15077051860744,0.09911575228710831
0.08514205680892335,0.9790109899427288
1.4541331195739324,-0.2495053504844406
0.1851467624676112,1.0064174470460499
-0.24640296023947614,0.9428188253723687
-0.31024491255328923,0.9017326750900773
0.6071966965798049,0.8426041603973001
0.24027390639499266,0.03909952598868341
1.1511714989453465,-0.4149269020298939
0.4711564145440419,-0.48301497946580657
1.9395431976384332,0.33434462346482696
0.9347864648951454,0.22852955841865458
0.4764612038686127,-0.3548473161236131
0.685698769557616,-0.5854643915651101
-1.2010056675997618,0.154156490879005
0.37177778154819446,-0.4566268768200198
0.7738730613396264,0.5386077404993976
1.5516751895732077,-0.4554769409500661
2.0301959450283817,0.5668940543385292
-0.026324946187985226,0.31057006502938705
-0.7588294897231236,0.8088400970129075
-1.1382152183938457,0.15029776958547575
1.358946616429677,-0.31104977427991
-0.46894683258239583,0.9110199276675033
-0.683591507208801,0.8142865476600629
0.0766056808869809,0.37076495998731746
-0.6518372555590608,0.957568595356624
-0.9561882881613788,0.401090671987727
0.9663031950140699,-0.4679592957274418
1.8859258470723925,0.3654991458248933
0.16286482552393697,0.18617703358583712
1.0324739383137516,0.4434077811084761
-1.2330630576737118,-0.0989326938962221
0.722207241120788,-0.5457940232860229
0.04529953362019051,-0.09963714155164921
0.8966790305618577,0.37315416443527094
-0.7858273001426986,0.3532425079121066
-0.7935586477806967,0.571180893166738
0.131394383167409,0.9430932457031472
0.3740732664514287,0.8793794932092924
-0.8596527320953307,0.3330665955405637
0.27432533704378653,-0.17304278800325903
-0.045234052962619675,0.10576312721615581
0.10022159764712213,0.029840255245039044
1.0248329870114328,0.25893539966788837
1.52984171320906,-0.3497932331891382
0.3717808584007411,-0.20603687999432382
0.12440461950392527,-0.0026189161015280887
0.010427136504056663,0.3321117626811941
2.156426951894603,0.5411026654818727
1.0038183135083012,-0.09374889834908008
0.39596336453273306,-0.4038219248125842
1.6045165540610706,-0.34500490713275234
0.41371518020723025,0.8709766336401489
1.781419918859093,-0.191750403623338
1.8707962245679477,0.1658991963521778
-0.16208124685052894,0.8338323723778527
0.5448177381159925,-0.31892266414641307
0.7899547156245736,-0.3034357276607986
0.11601647905837945,0.3274238720744179
1.718030939412499,-0.1852433227023809
0.3441670648159399,0.9304506660648982
1.3747000431943468,-0.4443538396731257
0.15064587851690034,0.7932321640282738
0.803160893953878,0.5761549738575757
-0.7111130063820332,0.790926651049946
1.0860007554795845,0.15029509447815353
1.8077342450341003,0.027570329048262995
-1.0690304704294324,0.05964808114314017
0.0904952094893699,0.07875911886981943
0.9882031049261801,-0.463002213256684
-0.3756029554530747,0.8079790916242464
0.4465133961498631,-0.09167100901482683
-0.8954319109795692,0.09656015532630546
0.021506348811086734,0.9244498141741463
-0.3151917836494921,0.8521676025745298
0.058138115965436055,0.7675162520975833
1.15080024778642,0.19019944140035633
-0.7404628586900117,0.27036237367370447
0.9835907316946557,0.10800478459630496
0.13061221979337334,-0.13446839637218452
0.07344855973612764,0.09822792310787265
1.6290765939929404,-0.08930168749642721
-0.22251520500434946,0.6667793844137846
0.2988832498835878,-0.2649459078341412
-0.5638474425873535,0.8403585356465741
0.028921919415061725,0.7161330188037314
0.7270381638349209,-0.4943992585252028
0.5852217754331859,0.8505285033049788
1.1265351183637375,-0.6268256136164306
-0.11506600149675258,0.4344548266240857
-0.5784880530570293,0.94778615964079
0.8355376190570226,0.5324964558806907
0.4034389320791173,-0.39738357446858164
-0.008111214963689231,0.05757387544642143
-0.8598749875622737,0.4666060631673522
-0.9208740971747006,0.3040747477272704
-0.5753424767418764,0.6757520418666437
2.0729452901488745,0.29064457002231886
1.2268566389492759,0.05851829688708818
0.819409917892876,0.6336189578404896
0.3016989956380217,-0.047896600756712066
0.5020230095904774,-0.5325588347163073
2.029725837232458,0.40562190564541784
0.7122144537143049,0.7019914168773731
0.9015667099417968,-0.41073343030853704
0.5097914150882467,-0.239306311691932
1.834745927300139,0.4002888172578411
1.4825758697054716,-0.3481301515121856
-0.8477663371363975,0.6188354870685865
0.711991845477533,0.5800890840755751
0.3120695075873183,0.931437244800768
-0.49618274841453075,0.5541500240479931
1.782012023954059,-0.23186853137188224
1.3856253176953737,-0.26164147809599186
1.5181875659788877,-0.4234527360013811
-0.6779592648125985,0.8444354425169125
0.7816191583641823,-0.3805935265449621
-0.4573591409464373,1.0302297733236108
0.7368746496761291,0.47736230038733307
1.1781850734002102,-0.46283838371038005
0.991197509796954,0.09984587411362847
0.7725328291104095,-0.3781208199319299
-0.6849952156423686,0.5526153494989485
-0.9401465598516736,0.171810424910011
1.440124687560158,-0.30501825993861953
0.4731708746046909,-0.26182516106348874
1.8096815552298062,-0.06768120558406569
0.3792083903772382,-0.3678612575699638
2.0076726242728107,0.0689474226774741
0.3862221946767358,0.9101185722165039
0.13183803671921915,0.3771711035821267
0.578710209324014,0.6145952532355279
0.9305367621847804,0.17926014922143038
-0.23114562506318304,0.8155131083340578
1.8038643997560884,0.34429660105161797
0.4673934226719474,0.7234063979518263
1.0552426196606675,0.2747938312292234
-1.0750702027036299,-0.004476030761217229
0.665267156708887,-0.46133805633627184
-0.38201171615805163,0.9981187256696282
1.5328768417007732,-0.45232572534310567
2.162595251489797,0.49593577576284653
-1.076740465617725,0.2706937421698583
1.975022568626938,0.08889278333672872
-0.8492367308269343,0.42816342635240306
2.1127413969133424,0.18094176580536342
1.3307030658148824,-0.3369724727324928
1.149655773836635,-0.4551646727013693
1.5227345902335188,-0.31494633491540447
1.8706540332167148,0.10587447944723291
0.1653238472431666,0.3167732584671201
0.8602220673448442,0.4458728596952763
0.45730000195259674,-0.31262262679665637
1.1744814838216675,-0.4732511216458751
-0.05378199808444005,0.2064079561056684
1.5594653047420763,-0.2134464535121957
0.2898886601757722,0.14030204366804197
-0.0017022302399316847,-0.22517030805729338
0.5760700796984684,0.47587121348289985
1.7986165003854377,0.036824315896663955
-0.586686377094494,0.7958393457068788
1.0622032511326243,-0.6699613156088589
1.65014280801143,-0.22950283586571482
0.8878810234741847,0.4264027497349264
-0.6251857533270158,0.7224872411810743
1.6766921278802194,-0.18343966647062399
1.0445743203315536,-0.5484061861099565
1.0026440194325583,0.03449788041944982
0.8941197224294539,0.7612048610762742
-0.14623946477472394,0.9639271669618323
1.9979444874070205,0.4143100837267913
0.613743515217748,0.8565855806537733
1.9902830877407593,0.39896277815167275
0.9566480338594336,-0.6975450676309618
0.8561431696686701,0.03474158897193386
0.6557251693136179,-0.4597533669100712
1.7703664739547211,-0.04013849483213296
0.636227136532823,-0.524754279451518
-0.4361427294427227,1.0654528870824183
0.6420106674812793,0.7149896727027014
0.16749910588266037,0.06590940057878109
1.7357672543188476,-0.26706481552819983
-0.009603626816761524,0.09664571042489711
1.9907963818522827,0.05527531727489213
-0.744579216088322,0.3441914894502434
0.10137018402253718,0.9658932041340506
1.788601741112213,-0.3053140771656076
0.4280867245735223,0.7544128818841261
0.744483862608223,0.5067341646879918
-0.4741704920086506,0.9181663890186966
-1.1407150992363124,0.2904033760138016
1.9869195702065405,0.4492512268809328
1.9077856379842122,0.13123035599825994
-0.712324923580746,0.7392326870508726
0.30941209871840514,-0.1364338004152115
-0.5271788485545906,0.9803157999486087
1.8411612431686402,0.05874670131340341
1.3370918389148312,-0.6253128235334855
0.7323795903316463,0.6561713009247685
-0.2815791659496585,1.135372773473974
0.30988695623704354,-0.19749666656906217
1.9116374033471455,-0.023375075294348763
-0.8240366212781995,0.6436647896994249
-0.4142374665789597,0.8996558396783663
0.4458944367065574,0.8385400241972171
1.1854101178942325,-0.668888501138475
1.1988426380044588,-0.6090930420128866
-0.7656396075726123,0.6320295466202313
0.7331169792814298,0.6144006974588532
0.015896508509399304,0.4590786588980159
0.5308151035662129,-0.4447583080063755
0.7923602593464079,0.6625726542968933
0.32976000169738956,-0.1298964367612198
0.35478013585265106,0.9267001050797512
0.3404551144911176,0.9912215692269651
1.7153548998023773,-0.04019534123245297
-0.092939778804074,0.9415117541721132
0.9123120135470402,0.35503602450098254
1.3065266008144358,-0.5160427936433375
0.6296921026958738,0.8941762938086364
0.20952938740119761,0.2780240886072922
0.467033570548639,0.9489954161890347
1.9595339861888557,0.1871769721493838
1.9203007562431773,0.3033534920512534
1.2558392712631887,-0.41837396762890544
-0.05686618873621381,1.0031623036680455
1.7899009219898778,-0.22822341362050425
0.18747455119101564,-0.014637175524640722
0.6461417632943427,0.5657628165363546
-0.9542029261512348,0.645426632955891
1.103610353028907,0.1577412154100146
0.8249412705658044,0.4630592668592415
-0.8490083902604353,0.27559532924922914
2.010456918337209,0.3816915225498194
0.2307815649995738,-0.26511313825191923
1.5470963858658668,-0.3008763612110793
1.7503846360943323,-0.35762956576188354
1.891834769631027,0.09103200726909455
-0.2931175664754538,1.0133379098754436
1.1225479118391462,-0.6209864048785141
1.462372426353388,-0.45207351874113155
-0.9893163440465638,0.42455616956145353
1.8019261169439456,-0.011364858309298037
1.423339266027979,-0.22685976497830435
1.7073232394834807,0.004526032763146504
0.24493864163602716,0.8303575668568096
-0.9287043408582765,0.30479700897571793
-0.9270237684251954,0.1408530320280668
1.6299238259359292,-0.32655015591357905
0.3475564224072988,-0.3996708891967499
-0.7882838581189455,0.47235770566979085
-0.9134521342147389,0.4514597455793422
1.6219628262733579,-0.25508842117175157
1.5157119317140153,-0.47222180131334923
1.898389633141864,0.4791158540050927
1.4805788800115385,-0.41122932040875904
1.7495648536565513,0.11749013749729882
-0.08783264403723773,0.3108422199346246
-1.0771755273370938,0.5043299444167618
0.6631346311582633,-0.34226868182609393
-0.843297018762465,0.8078294928850721
-1.0423352305654126,0.16426948661102558
-0.7892056176959699,0.6201251858139707
0.8845279912783958,-0.37051997880373994
1.7604527740383562,-0.46589910115438116
1.1740333667877618,-0.45577234175474957
-0.6256384382489738,0.849695847517395
0.8203094730468844,-0.38756132501334045
-0.5787746384812418,0.934494292086754
1.1285037341437227,-0.30980023150946556
-1.0412903669986904,0.08270689248412486
1.7867988550418616,-0.047267643206605606
-0.3770955037644793,0.703496730172124
1.020601346755208,0.5140016572417379
0.5933659474355735,-0.39129283441468043
-0.7941680055241084,0.7708346740919719
1.5870629379404022,-0.4257983500453365
-1.0387170012358176,0.013422918324780347
0.07095430247827532,-0.09270914535227523
0.23974551074849526,-0.08188145024901233
0.646629930857878,-0.4927284413282428
0.6968954563160525,0.7803436806992199
0.04794263603553785,1.0453671759980763
-0.0032868461715716973,0.24252133339879722
0.2106120911430258,-0.010599265945566923
-0.11140534226965432,0.978352954303716
-0.0379097317685402,0.41748634053846223
2.0624653684186467,-0.09810801126691043
1.3879799920874445,-0.24453702945583403
0.5687232979965678,-0.4642598779755395
-0.7974824822250757,0.2918641773893831
-0.757247786137019,0.5480862578340603
0.4099615743988728,-0.22665822374825773
-1.057735796093401,0.20561363453292764
-1.0169406290938627,0.3141919086926538
1.0404744234468981,0.5374618021427228
-0.0011717331695778217,0.321748473921805
-0.1676878688611808,1.2416640615009968
-0.4316424335558276,0.8687846823358353
0.8087352833894598,-0.4342173706372169
0.7602958343052005,-0.4830079627786827
0.2294201981646063,-0.19740521219114354
-0.10658049533367674,0.4504900687904159
0.5881284746942412,0.6378977765282715
0.8447304006287261,0.519907392221378
0.7215364818701997,-0.509675235453959
0.9467044503399132,0.23620126076960246
0.627349432349755,-0.3411044453987819
0.5730536314436208,0.8387748879095852
0.008364076561733649,0.9342880717703629
0.5023112067460631,1.06806058583727
-0.10202044600559575,0.9408149345675889
-0.015237669735605718,1.0954431232789879
-0.91321964018182,0.7813966550114251
0.9827028376281571,-0.4171949296033489
0.9845454167057787,-0.4982961572660866
-0.9249158878377923,0.4816607500657945
1.300278113130151,-0.5214618409987734
1.7725110408893485,-0.06818024615843923
-0.728350538672147,0.9092618339070996
0.9127773882906257,0.24439419081588554
1.089238509561159,0.02099658424413721
1.3066004896334185,-0.5768358052257689
0.8448264809816892,-0.43378479512238766
-0.4819876879720859,0.8940820880662931
-0.14754973100026814,1.0106219521134727
0.6936808828795669,0.5804216624128724
-0.06562131546439548,0.43257551474467426
0.5561801215823899,0.545822831194082
0.12238913571801845,0.31466769510768416
0.5705775832119807,-0.26588357682799596
0.26483112979200396,-0.04635649620728013
0.07239184960706649,1.0279746326503088
-0.9718609780409257,0.17970867662976842
0.24334614936717203,1.0546948479637834
0.5131101609701434,-0.330144667488796
1.5104641181641945,-0.04247333380657564
-0.26171629727905,1.2319597099072686
2.082681030868567,0.43127074822537126
0.11987333209223872,0.32078785670297283
0.4655390912168334,0.9667200769058795
0.5593181796492734,-0.45544134059293223
0.5586870979660381,0.6672676344459256
0.793276426110097,0.6028109626180185
-1.0940405502245303,0.16132072179194415
-0.08261793039595619,1.01072196815511
-1.006430479477864,0.15803878677364877
0.9347404853540967,-0.40644784846504184
-0.7870291714786266,0.7183413300423886
2.1018450726654643,0.11382912577772128
0.6754592815579583,-0.3503702148862753
0.6258155721169582,-0.37113506950588476
1.9231597160947358,0.14269610940771174
0.8593096736600531,-0.4921598680784488
0.5940297071397439,0.8583091909024949
0.8198988138824741,0.1902314516210843
0.0391513989068207,0.41993408732378706
-0.42869401795640016,0.8186692611491712
2.0204809219023425,0.2278505546634177
1.8557657724385308,0.1441472425620311
0.7941207174514461,0.3884626303917337
1.7739138817921651,-0.05109780488572569
0.12236809816221643,-0.20296318029229665
-0.6751480841012085,0.6954424934347295
1.9162503268243916,0.06079504604249679
0.12846636487120094,0.4045107542712778
0.6580060153032695,0.7497041694143706
1.0894097556965543,0.10043900109285926
0.27029247185256283,1.0134929836157858
-0.9070586410217507,0.465392605818397
0.11857705191837098,0.9817536558775769
1.6437358534701054,-0.3597036952406455
0.6190635462633822,0.6325265686046834
0.036250126357729964,0.13158094902855333
1.005198887670453,0.33273540886604874
-0.9419792204112147,0.5767013615067165
1.2876212209437727,-0.41699224594406503
0.03364769263412791,0.03060608760007058
1.6105367145939873,-0.22475116107888088
-0.533079114986929,0.6113691280319506
1.962297809370021,0.24276117563252986
-1.0286374763551336,0.32762037464161353
0.2858966361639542,-0.3456181817753007
0.7815970816629156,0.7573518486936175
0.4482343306382664,-0.3750447084094498
-0.8487870972587215,0.20963421744377614
-0.3002137738131023,0.8589128356481687
0.5893465552272659,-0.7219410438475942
-0.3429361900246004,1.0442193289294406
0.018836375277429054,0.2799969519453154
-0.833664920814207,0.029443343386432855
0.5454458859487477,0.9603303188627044
1.1851227745223873,0.15618178125575438
1.796686467382441,-0.06116626029287753
-0.2933154512556585,1.030287099193728
1.0899808772931305,-0.4374344152047285
0.44753730226600447,0.9085772647054695
0.4258643377036623,-0.06562691953793107
1.3843629181356323,-0.3596439207414396
0.11659969323250743,1.0151868016822634
-0.062354939052340796,0.33292756435343307
1.7462100648129777,0.013032754911469019
0.16504019455244456,0.7567874004659327
-0.12834294576165134,0.38238120084033866
1.6924028979322434,-0.15935155972176807
0.9662744289325214,0.5424968258937825
0.04211560765372707,0.1494324961625525
0.8508227437804,-0.4777918572359213
1.7541126248361487,0.10652443986068218
0.9022926798551307,0.46509022390868393
2.069527857739384,0.37004196792351796
0.10767419341232493,0.9511217219433997
1.645840153412175,-0.22689947787950565
-0.47126056260326527,1.0072762052970006
0.7008092092786005,0.4412773650101386
0.5759749325381781,-0.3366085364926596
0.7475094485818804,-0.44941965092901626
1.0231380709773836,-0.5172788029723467
1.8197106017925333,-0.08177396236140427
0.09012265633484001,0.0202222544284232
1.8352713742826938,0.3325847910153256
1.20162185813978,-0.5128537420659236
